{"cameraMode":{"drawMode":0,"name":"Shaded","section":"Shading Mode"},"sceneLighting":true,"audioPlay":false,"sceneViewState":{"showFog":true,"showMaterialUpdate":false,"showSkybox":true,"showFlares":true,"showImageEffects":true,"showParticleSystems":true},"in2DMode":false,"pivot":{"x":362.9354248046875,"y":-546.3386840820313,"z":274.37567138671877},"rotation":{"x":0.22120662033557893,"y":-0.7478911280632019,"z":0.30166855454444888,"w":0.5483959913253784},"size":890.5752563476563,"orthographic":false}