{"cameraMode":{"drawMode":0,"name":"Shaded","section":"Shading Mode"},"sceneLighting":true,"audioPlay":false,"sceneViewState":{"showFog":true,"showMaterialUpdate":false,"showSkybox":true,"showFlares":true,"showImageEffects":true,"showParticleSystems":true},"in2DMode":false,"pivot":{"x":542.9662475585938,"y":18.782943725585939,"z":477.77215576171877},"rotation":{"x":-0.2682531177997589,"y":-0.391825795173645,"z":0.12058944255113602,"w":-0.8718576431274414},"size":195.44677734375,"orthographic":false}